[
  {
    "name": "Schwimmhalle Fischerinsel",
    "hours": {
      "Montag": [],
      "Dienstag": [],
      "Mittwoch": [],
      "Donnerstag": [],
      "Freitag": [],
      "Samstag": [],
      "Sonntag": []
    },
    "source_url": "https://www.berlinerbaeder.de/baeder/detail/schwimmhalle-fischerinsel/",
    "fetched_at": "2026-01-30T09:13:16.471909+00:00"
  },
  {
    "name": "Schwimm- und Sprunghalle im Europasportpark (SSE)",
    "hours": {
      "Montag": [],
      "Dienstag": [],
      "Mittwoch": [],
      "Donnerstag": [],
      "Freitag": [],
      "Samstag": [],
      "Sonntag": []
    },
    "source_url": "https://www.berlinerbaeder.de/baeder/detail/schwimm-und-sprunghalle-im-europasportpark-sse/",
    "fetched_at": "2026-01-30T09:13:16.730773+00:00"
  },
  {
    "name": "Schwimmhalle Kreuzberg",
    "hours": {
      "Montag": [],
      "Dienstag": [],
      "Mittwoch": [],
      "Donnerstag": [],
      "Freitag": [],
      "Samstag": [],
      "Sonntag": []
    },
    "source_url": "https://www.berlinerbaeder.de/baeder/detail/schwimmhalle-kreuzberg/",
    "fetched_at": "2026-01-30T09:13:16.961566+00:00"
  },
  {
    "name": "Stadtbad Tiergarten",
    "hours": {
      "Montag": [],
      "Dienstag": [],
      "Mittwoch": [],
      "Donnerstag": [],
      "Freitag": [],
      "Samstag": [],
      "Sonntag": []
    },
    "source_url": "https://www.berlinerbaeder.de/baeder/detail/stadtbad-tiergarten/",
    "fetched_at": "2026-01-30T09:13:17.172731+00:00"
  },
  {
    "name": "Sport- und Lehrschwimmhalle Schöneberg",
    "hours": {
      "Montag": [],
      "Dienstag": [],
      "Mittwoch": [],
      "Donnerstag": [],
      "Freitag": [],
      "Samstag": [],
      "Sonntag": []
    },
    "source_url": "https://www.berlinerbaeder.de/baeder/detail/sport-und-lehrschwimmhalle-schoeneberg/",
    "fetched_at": "2026-01-30T09:13:17.591037+00:00"
  }
]